artista_musical,biografía,Link_información,url_imagen,redes_social,género_musical,información_género,audiencia_Spotify,canción_más_escuchada,reproducciones,url_video,colaboraciones_artistas
Frágil,"Andrés Dulude (voz solista), Luis Valderrama (guitarras), Octavio Castillo (Korg, steel, piano, flauta, bajo, coros), César Bustamante  (bajo, piano, teclados, mellotron) y Arturo Crearner (batería) eran Frágil. Y su primer disco con material propio, ""Avenida Larco"", fue grabado en 1980. Se nota la mano de apasionados progers que viven el momento. Y tocan, vaya que sí.  La producción no es de nivel anglosajón  (tampoco las nuestras), pero eso hoy ya no importa. ",https://www.rockliquias.com/2022/10/fragil-avenida-larco-1981-pantel.html,https://portal.andina.pe/EDPfotografia3/Thumbnail/2019/07/10/000599420W.jpg,,Rock,,129k,Avenida Larco,12.9M,https://open.spotify.com/intl-es/track/1UC6KI4TujcN8L8VZtrbec?si=caf2b6e9e47f49f7,
Leusemia,"Formados en 1983 por: Daniel F (Daniel Valdivia), y Leo Escoria (Leo Scoria), Kimba Vilis (Gustavo Valdivia), Montaña (Raúl Montañez). Actualmente está conformada por Daniel F, Montañez y el baterista Daniel López, apoyados en varios conciertos por el guitarrista Johan Atencia, quien toca en la banda solista de Daniel F.",https://www.last.fm/es/music/Leusemia/+wiki,https://e.snmc.io/i/1200/s/3425c2486598c9a70c8e711b2e08434d/12469347,,Rock,,30k,Al colegio no voy más,2.2M,https://open.spotify.com/intl-es/track/17HmjqKPaPPyiUxbDSKVWa?si=b554dcae93d24d2a,
Libido,"Formado en 1996 por: Salim Vera, en la voz y guitarra rítmica; Antonio Jauregui, en el bajo y coros, Manolo Hidalgo, en la primera guitarra e Iván Mindreau en la batería. Es el conjunto de rock peruano más destacado en la actualidad. Tienen ganado ya dos premios MTV y varios galardones más.",https://www.last.fm/es/music/Libido/+wiki,https://lastfm.freetls.fastly.net/i/u/500x500/f7a4512db0e5461088bef47eb30f66b3.jpg,,Pop|Rock,,351k,En Esta Habitación,25M,https://open.spotify.com/intl-es/track/1gAB76RAMN8sZl0PjKyqXA?si=242ec28f6f354f25,
Pedro Suaréz Vertiz,"Nació el 13 de febrero de 1969 en el Hospital Naval de la Provincia Constitucional del Callao, Perú. Pasó toda su infancia y adolescencia en el distrito de San Isidro viviendo frente al Olivar, parque considerado por él como su lugar favorito en el mundo. Es nieto del pintor retratista tarapaqueño Germán Suárez Vértiz e hijo del artista plástico miraflorino Hernando Suárez-Vértiz. En secundaria sus poemas y escritos empezaron a ser musicalizados al formar una primera banda de rock con su hermano y amigos llamada Paranoia. Posteriormente, formó el grupo Arena Hash, en el cual tocaba la guitarra, componía y cantaba todas las canciones.",https://www.last.fm/es/music/Pedro+Su%C3%A1rez-V%C3%A9rtiz/+wiki,https://liderweb.mx/wp-content/uploads/2023/12/Pedro-Suarez-Vertiz.jpg,,Pop|Rock,,760k,"Un Vino, Una Cerveza",50M,https://open.spotify.com/intl-es/track/5Q2J37xbIR60z6ifswoGKe?si=405ccede4c344c1a,
Nosequién y los Nosecuántos,"Raúl Romero (voz), Héctor Llosa (guitarra), Fernando Ríos (bajo), Pablo Boner (teclado) y Pedro Silva (batería) son NOSEQUIEN Y LOS NOSECUANTOS del Perú y nadie mejor que ellos para plasmar en sus letras imágenes urbanas que calcan a la perfección la idiosincrasia de una sociedad peruana, salpicada de mitos, tabúes y prejuicios, todo esto a través de una aguda sátira que los ha convertido -definitivamente- en comunicadores de un sentir popular.",https://www.last.fm/es/music/NSQ+Y+NSC/+wiki,https://portal.andina.pe/EDPfotografia2/Thumbnail/2008/12/11/000081473W.jpg,,Rock|Humor/Viral,,263k,Las Torres,23M,https://open.spotify.com/intl-es/track/0sN4ERM2Q2UBKyePqfcgv9?si=a38838343d8a4121,
Rio,"La mítica banda de rock peruano, integrada por Pocho Prieto (voz y guitarra), Cucho Galarza (bajo), Chachi Galarza (guitarra), Wilder López (batería), André Burgos (guitarra) y Juan Fernández (teclados), celebra 38 años de trayectoria. Su repertorio incluirá las canciones que años atrás causaron furor como ""Televidente"", ""Carol quiere un viaje a Londres"", ""Lo peor de todo"", ""La Universidad"" y ""Todo estaba bien"". El nombre está inspirado en las siglas de la Royal Institution Orchestra, referente musical del grupo.",https://granteatronacional.pe/evento/grupo-rio-38-anos-de-rock-peruano,https://elcomercio.pe/resizer/v2/JZYFMQWGRNFVXGCYVIMYUJWQPE.jpg?auth=3eb57ade2f9f5bb76090fd78f32455b3909b0934dd542e0d99e098d2551f61b8&width=980&height=528&quality=75&smart=true,,Pop|Rock,,385k,Lo Peor de Todo,22M,https://open.spotify.com/intl-es/track/7cnUsQVdrZFNdtIBKZBMb5?si=bd69239b4a394053,
Amén,"La banda inició en 1995 con el vocalista y guitarrista Marcello Motta, el bajista Steve Suarez y el baterista Renán Díaz. Antes de su primer concierto, el cantante soñó con el público coreando la palabra Amén, dándole el nombre a la agrupación. Esta presentación se dio en Ventanilla (Lima), tocando cuatro temas propios, estos eran “Decir Adios”, “Échale la Culpa al Rock and Roll”, “El Whisky” y “Love and Shit”.",https://entrelineascultura.pe/2021/12/22/una-de-las-clasicas-bandas-de-rock-peruano/,https://entrelineascultura.pe/wp-content/uploads/2021/12/Amen.jpg,,Rock,,346k,La Chata,16M,https://open.spotify.com/intl-es/track/3jzpdDnLaQcsuGCw4JwVYS?si=e12149fa4fcc4545,
Los Mojarras,"En Junio de 1992 la banda entra en la escena rockera del Perú, con su disco debut titulado ""Sarita Colonia"" donde la banda fusionó la música popular como la chicha con el rock, acorde con las nuevas tendencias continentales. La temática sobre los problemas de la juventud, en sintonía con un acompañamiento musical particular unían masas disímiles, hasta entonces contradictorias. Debido al éxito obtenido por su primer disco, son convocados para musicalizar la película del cineasta Augusto Tamayo: “ANDA CORRE Y VUELA”.",https://www.last.fm/es/music/Los+Mojarras/+wiki,https://i1.sndcdn.com/artworks-000025327306-g0386z-t500x500.jpg,,Rock|Andino,,174k,Triciclo Perú,12M,https://open.spotify.com/intl-es/track/1Ahb1lGCvsRSlmThubFzsy?si=38fff97ac43a415c,
Los Saicos,"A principios de los años sesenta, tres amigos dieron sus primeros pasos musicales en su natal distrito limeño de Lince.Mejores ofertas de auriculares. La formaron César Castrijón, en voz y bajo, Erwin Flores en voz y guitarra, ‘Pancho’ Guevara en la batería y un tiempo después se sumó Rolando Carpio en la guitarra.",https://lashistoriasdelrock.com/los-saicos-la-primera-cepa-del-punk-rock/,https://f4.bcbits.com/img/a0215471275_16.jpg,,Rock,,61k,Demolición,6M,https://open.spotify.com/intl-es/track/3qCzGmAP91tisTIS72io8v?si=1055db3b671240dc,
Tourista,"Tourista, la banda peruana que se ha posicionado como un referente en la escena musical independiente de América Latina, se formó en Lima en el año 2010. El grupo, cuya propuesta estilística combina el rock alternativo con elementos de la música electrónica y el indie pop, nació de la visión y el talento de tres jóvenes músicos peruanos: Genko (voz y guitarra), Rafael Otero (bajo) y Polo Cabrera (teclados y sintetizadores).",https://www.musica.com/tourista/biografia,https://portal.andina.pe/EDPfotografia3/Thumbnail/2019/03/12/000570347W.jpg,,Pop|Rock,,55k,Explotar Contigo,9M,https://open.spotify.com/intl-es/track/4ZCRkqTO36YSyMEjQukC9s?si=6fb42b10b0614311,
Arena Hash,"Arena Hash es el nombre de un grupo de Rock peruano de la década de los ochenta (1986), liderado por Pedro Suárez-Vértiz como voz y guitarra Patricio Suárez-Vértiz en el bajo Alex Kornhuber con la guitarra y Arturo Pomar Jr. en la Batería. El cuarteto nació en las aulas del Colegio Maria Reyna de San Isidro en 1986, en la ciudad de Lima, Perú.",https://www.last.fm/es/music/Arena+Hash/+wiki,https://i.scdn.co/image/ab67616d0000b2738f94c604981194811885427f,,Pop|Rock,,518k,Y Es Que Sucede Así,48M,https://open.spotify.com/intl-es/track/7pXuEZPcMT6aDpaKsMp73f?si=5429c2a6b9614ef2,
Chacalón y La Nueva Crema,"Nació en el distrito de La Victoria, en Lima, el 26 de abril de 1950. Fue hijo biológico de Lorenzo Palacios Huaypacusi (Danzante de tijeras), y Olimpia Quispe. Su madre luego se casó con Silverio Escalante, albañil, con quien tuvo 14 hijos. Debido a la escasez económica de su hogar, Chacalón bailó y cantó desde pequeña edad acompañándose de sus amigos humiteros (vendedores de humita). ",https://www.last.fm/es/music/Chacalon+y+la+Nueva+Crema/+wiki,https://is1-ssl.mzstatic.com/image/thumb/Music49/v4/56/5f/93/565f93ba-4792-959c-11b0-c4281b9679e5/cover.jpg/600x600bf-60.jpg,,Chicha,,104k,Soy Provinciano,2M,https://open.spotify.com/intl-es/track/1FyFPQYR1zutiRLc4aUVc2?si=eb245395ffa04e7a,
Los Shapis,"Los Shapis es un grupo musical tropical peruano considerado como uno de los iniciadores de la Cumbia andina peruana. El 14 de febrero de 1981, Julio Simeon mas conocido como ""Chapulín el Dulce"" y Jaime Moreyra, crearon en Huancayo, el grupo musical ""Los Shapis"", fueron los verdaderos embajadores del ritmo andino (Música chicha), viajando a muchos paises, internacionalizaron este ritmo. Sus canciones mas conocidas son: El Aguajal, Borrachito Borrachon, Ladron de Amor, La Novia, Corazon Andino, Tengo Que Mentir, Ambulante Soy, Mi Tallercito, Marujita, etc.",https://www.last.fm/es/music/Los+Shapis/+wiki,https://i.scdn.co/image/ab67616d0000b2735151b7503bc802de590282e0,,Cumbia|Chicha,,442k,Corazón Andino,25M,https://open.spotify.com/intl-es/track/28gpsgc84Zt5dymQTUILtU?si=cab86ef9b59847d4,
Grupo Nectar,"El grupo Néctar es una banda de cumbia peruana o cumbia andina formada en Buenos Aires, Argentina en 1994 por Johnny Carlos Orozco Torres (cantante) (Pomapata , Ancash, Perú, 6 de julio de 1970 - Buenos Aires, Argentina, 13 de mayo de 2007), Ricardo Papita Hinostroza (congas) (1951-2007), Enrique Orosco (bajista) y Juan Carlos Marchand (batería) (1973-2007).",https://www.last.fm/es/music/Grupo+Nectar/+wiki,https://cdn-images.dzcdn.net/images/cover/dbed338300034f5c35e4e9b7e596e0cb/1900x1900-000000-80-0-0.jpg,,Cumbia,,455k,El Arbolito,27M,https://open.spotify.com/intl-es/track/5EdmVvPAHCB9QOvknGFZf6?si=0833ebeba9aa4401,
Rossy War y Su Banda Kaliente,"La carrera musical de Rossy War continuó en 1984 cuando se integró como parte del coro en el grupo tropical Los Bio Chips, luego de ser seleccionada entre 37 concursantes. Existe una anécdota de tal momento, pues cuando le llegó su turno y se le pidió que cante, ella no pudo ocultar su rubor al extremo de ponerse ""roja como un tomatito"".",https://www.angelfire.com/pe/rossywar/bio.html,https://f.rpp-noticias.io/2024/01/06/185918_1521854.jpg?imgdimension=look,,Tecnocumbia,,606k,Nunca Pense Llorar,28M,https://open.spotify.com/intl-es/track/3oXF0sRycbyJUDRd5BqTUw?si=29ec7241ee4f46aa,
Dilbert Aguilar y su Orquesta la Tribu,"Dilbert Aguilar es un cantante y compositor de música tropical peruana de origen norteño que integró inicialmente el grupo ""Agua Dulce"". Luego formaría el grupo ""Los Chicos Dulces"" para luego desarrollarse como solista acompañado de su grupo ""La Tribu"". Tiene más de 15 años en la música y una productora llamada C & D Producciones S.A.C. conformada por él y la animadora de cumbia, Claudia Portocarrero.",https://www.last.fm/es/music/Dilbert+Aguilar/+wiki,https://f.rpp-noticias.io/2024/09/06/403540_1637590.jpg?imgdimension=look,,Chicha,,254k,No Me Olvides,4M,https://open.spotify.com/intl-es/track/5Xk15vqNbHGVBANqB2qzDx?si=86eeb473ad9945ae,
Los Mirlos,"Los Mirlos son los creadores de la cumbia amazónica, una de las muchas manifestaciones de la cumbia peruana. Es un grupo de larga trayectoria, originario de la ciudad de Moyobamba, en el departamento de San Martín, en Perú, cuyo origen selvático les valió el apodo de ""Los Charapas de Oro"". Sus inicios se remontan al año 1968, y su carrera musical se prolonga hasta la actualidad.",https://www.last.fm/es/music/Los+Mirlos/+wiki,https://cdn-images.dzcdn.net/images/cover/a960a54a33cca536a808751caca8d7b7/0x1900-000000-80-0-0.jpg,,Cumbia|Fusión,,650k,La Danza de los Mirlos,36M,https://open.spotify.com/intl-es/track/0AnwIwxt96ERVRohy7hcnU?si=caa24d9070154677,
Los destellos,"Los Destellos nacen en 1966 gracias a su fundador Enrique Delgado Montes. Iniciaron interpretando el rock ""Nueva Ola"" y ""El Vals"". En año 1967, Enrique ya tenia preparado los 12 temas que serian la partida de Nacimiento de la cumbia peruana con el primer tema ""El Avispón"", pero es con ""La Malvada"" a donde llegan a la cúspide de la popularidad.",https://www.last.fm/es/music/Los+Destellos/+wiki,https://i.ytimg.com/vi/pSnYBJKqDIM/sddefault.jpg,,Chicha,,351k,Guajira Sicodélica,13M,https://open.spotify.com/intl-es/track/0oucyVmfZtpU608vpYA1rs?si=fd2935552e234fda,
Juaneco y Su Combo,"Aparece en el año 1966, en la Amazonía peruana, teniendo como integrantes fundamentales a Juan Wong Paredes ""Juaneco"" en los teclados, a Noé ""El Brujo"" Fachín en la primera guitarra, a Wilindoro Cacique en la primera voz, Rosendo Hidalgo el los timbales, Walter Dominguez en el bajo, Juvencio Pinchi en las conga y Wilverti Murrieta en la segunda guitarra.",https://www.last.fm/es/music/Juaneco+y+su+Combo/+wiki,https://www.600discoslatam.com/wp-content/uploads/2024/05/328-Juaneco-gran-cacique.jpg,,Cumbia|Fusión,,115k,Ya Se ha Muerto mi Abuelo,5M,https://open.spotify.com/intl-es/track/01coR52VHa06J1DnMkls29?si=784fa5ac3ddc4dfb,
Pintura Roja,"El equipo liderado por Alejandro Zárate se ha convertido en un clásico en los hogares peruanos, si tema más conocido es ‘El Teléfono’, una canción que quedó en la memoria de todos por la voz de Milagros Soto, la ‘Princesita Mily’, quien lamentablemente falleció recientemente.",https://www.infobae.com/peru/2023/05/23/pintura-roja-como-nacio-la-agrupacion-de-cumbia-que-tuvo-en-sus-filas-a-la-princesita-mily-y-la-munequita-sally/,https://cdn-images.dzcdn.net/images/cover/990e8a06269c910e88d9bd064e9a3bc4/0x1900-000000-80-0-0.jpg,,Cumbia|Tecnocumbia,,140k,El Teléfono,8M,https://open.spotify.com/intl-es/track/1x1ckJjRzTenLOCYLjel4u?si=10932d54b89747c0,
La Progresiva del Callao,"La emblemática institución salsera, más reconocida de todos los tiempos, nos da a conocer a través de sus recientes declaraciones del afamado músico y cantante ""Chango"" director de La Progresiva del Callao, que viene renovado este año, con un nuevo tema “ Si tú quieres salsa “. Esta canción  ha sido compuesta por Daniel Venegas & Eugenio Chávez ,motivo por el cual nos deleitará con sus mejores éxitos que marcaron historia en los 80 / 90.",https://diariocorreo.pe/espectaculos/la-progresiva-del-callao-celebrara-su-37-aniversario-759339/,https://i.discogs.com/RnlH4T0saaY5AI9m1iDwN5DQOhpJHQRA2rOxgZJo0Zs/rs:fit/g:sm/q:90/h:363/w:600/czM6Ly9kaXNjb2dz/LWRhdGFiYXNlLWlt/YWdlcy9SLTMxNzcw/NDQzLTE3MjY3MjIw/MDQtNjM2My5qcGVn.jpeg,,Salsa,,30k,Otro Ocupa mi Lugar,1M,https://open.spotify.com/intl-es/track/2lYM0cGiaslQLXw7fnWxvo?si=218c8ed5fe704cac,
Orquesta Camagüey,"Camagüey es una exitosa orquesta de salsa fundada un 16 de febrero de 1943 por Reynaldo Menacho Muñoz. En sus inicios, era un sexteto que respondía al nombre de Camboman, debido a que sus integrantes residían en las avenidas victorianas de Canta, Bolívar y Manco Cápac.","https://www.radiomar.pe/artistas/camaguey/#:~:text=Camag%C3%BCey%20es%20una%20exitosa%20orquesta,Canta%2C%20Bol%C3%ADvar%20y%20Manco%20C%C3%A1pac.",https://scontent.flim26-1.fna.fbcdn.net/v/t1.6435-9/151415793_4352345768115120_3118694416675585467_n.jpg?_nc_cat=100&ccb=1-7&_nc_sid=127cfc&_nc_ohc=PAN6--czYHAQ7kNvwEfFeU_&_nc_oc=AdnNdPOnCD_PABjVbQHhnUuGUTsLqaWyiAgAMLKQ03oBNUok_nkI4wb9Z7mRDQ_7tVs&_nc_zt=23&_nc_ht=scontent.flim26-1.fna&_nc_gid=pTaVX8rCa3eIIyU7PEvRCg&oh=00_AfNhKmO-3_ssOGP2ewi-Yl5AZqUg5D4eJwARZEGGNTJJbw&oe=6870166E,,Salsa,,233k,Rendido Ante Ti,8M,https://open.spotify.com/intl-es/track/6EFICp44H1q4r1WvBEspfk?si=50f824d48a0a4b23,
Daniela Darcourt,"Desde sus inicios en la orquesta Son Tentación hasta su exitosa carrera como solista, ha demostrado versatilidad y compromiso con su arte. Su discografía incluye álbumes como Esa soy yo (2019), Empezando otra vez (2022) y Catarsis (2023), este último nominado al Latin Grammy en la categoría de Mejor Álbum de Salsa.",https://lasalsaesmivida.com/daniela-darcourt-soy/,https://danieladarcourt.pe/wp-content/uploads/2022/11/EmpezandoOtraVezDD1-1024x1024.jpg,,Salsa|Pop,,571k,Señor Mentira,38M,https://open.spotify.com/intl-es/track/7uebcjB4PNrMzTUdxCefno?si=37e3866b44c34743,
Son Tentación,"Esta agrupación se encuentra liderada por Paula Arias, pero la dirección musical está en manos de Susana Albert. Tras la conformación de Son Tentación, cada una de sus integrantes fueron escogidas por su talento y vinculación con el mundo del espectáculo, es así como dentro de esta banda musical conviven actrices, bailarinas, comunicadoras sociales e incluso animadoras.",https://www.buenamusica.com/son-tentacion/biografia,https://portal.andina.pe/EDPfotografia3/Thumbnail/2024/08/07/001089903W.jpg,,Salsa,,211k,Déjala,16M,https://open.spotify.com/intl-es/track/4Aa6TYTI7q9SqnPKVA7Lfq?si=f5b64d06d5a24263,
Brunella Torpoco,"Brunella Torpoco es una joven cantante y compositora nacida en el barrio de Chacaritas (Callao) en 1999. Desde muy pequeña demostró que quería dedicarse a la música debido a que cantaba junto a su padre en algunos eventos. A los 17 años ya impactaba por su particular voz al ponerle un estilo marcado. Rápidamente, fue bautizada como la ‘Ronquita de la salsa’ y fue en el 2021 que empezó a hacerse un nombre en la industria musical, especializándose en la salsa de despecho.",https://www.radiomar.pe/artistas/brunella-torpoco/,https://portal.andina.pe/EDPfotografia3/Thumbnail/2023/03/04/000938255W.jpg,,Salsa,,198k,Honda Costumbres,7M,https://open.spotify.com/intl-es/track/6kgm8RSRCeg6wblClhq8m5?si=f1133540cff34d51,
Amy Gutiérrez,"Amy Gutiérrez es una famosa cantante, bailarina y compositora que nació el 25 de agosto de 1998 en el Callao (Perú). Desde pequeña participó en varios programas de talento, demostrando sus cualidades, aunque cobra notoriedad por ganar la primera temporada de ‘La Voz Kids’. Lanzó su primer sencillo ‘Alguien’ (con el apoyo de Universal Music Group) y también participó en algunas obras de teatro. Para el 2017 y con tan solo 18 años, pasó a formar parte de la agrupación Son Tentación, pero tan solo un año después decidide marcharse.",https://www.radiomar.pe/artistas/amy-gutierrez/,https://f.rpp-noticias.io/2023/05/27/202820_1433251.jpg?imgdimension=look,,Salsa|Pop,,217k,Vamos a Escapar - Versión Salsa,18M,https://open.spotify.com/intl-es/track/1A474NyT5UKjqElE2JN6Km?si=2b1de13812db4278,
Zaperoko La Resistencia Salsera del Callao,"El nombre original de la agrupación es La Orquesta Zaperoko La Resistencia Salsera del Callao, pero muchos la conocen simplemente como Zaperoko. Esta orquesta se formó en el 2009 y los músicos son 100% chalacos, pues la esencia principal de esta orquesta es rescatar la identidad del salsero del callao. Una de las interpretaciones más recordadas de estos salseros es ‘La revancha’ que originalmente pertenece a Cuco Valoy. Asimismo, otra de las salsas más sonadas de Zaperoko es ‘Mala mujer’.",https://www.moda.com.pe/noticias/musica/conoce-mas-de-zaperoko-30868/,https://imgmedia.larepublica.pe/1200x630/larepublica/original/2022/09/04/63152fc5751b0e4b4d0e6353.jpg,,Salsa,,228k,La Revancha,11M,https://open.spotify.com/intl-es/track/31ddSBJ1NfFZAZ6HGPoWMV?si=28d73804860b43eb,
Josimar y Su Yambú,"Josimar y Su Yambú es una orquesta peruana formada en 2011, que incursionó en la industria musical con el género de la salsa. Esta banda musical se encuentra liderada por Josimar Fidel, quien es un destacado músico con varios años de trayectoria tras haber pertenecido a varias agrupaciones como Caribeños de Guadalupe, Mangu, Grupo 5 y La Novel.",https://www.buenamusica.com/josimar-y-su-yambu/biografia,https://encrypted-tbn0.gstatic.com/images?q=tbn:ANd9GcSeXcDuMB7hfO-5U_v6XkHE1KMycjj4r70Cvg&s,,Salsa,,561k,Con la Misma Moneda,47M,https://open.spotify.com/intl-es/track/7uxnFapaeICZNrr73vFPUX?si=0479b38f6d3e4f82,
Agua Marina,"Agua Marina es un grupo de cumbia peruana, que fue formado en la ciudad de Sechura (Piura) en 1976. Es considerado, junto con Armonía 10, agrupación de la misma región, pieza importante en el afianzamiento de la cumbia peruana como género.",https://www.last.fm/es/music/Agua+Marina/+wiki,https://play-lh.googleusercontent.com/KLC20Jyr6O-qUKjawcDR8MK16uLdPDIUXScN6nc-fmxI16-BUkreSUwayhODIA939A,,Cumbia,,989k,Tu Amor fue una Mentira,50M,https://open.spotify.com/intl-es/track/63cuVD4SI7Nx1iG7wHYiYd?si=1308fb1f5dfd46ae,
Grupo 5,"“Grupo 5” de Monsefu-Chiclayo, creado un 31 de enero del año 1973 por los hermanos: Víctor y Elmer Yaipen Uypan, se inicio con el ritmo romántico alcanzando grandes triunfos. El 09 de noviembre del año 1999, “Grupo 5” pierde a su líder, Elmer Yaipen Uypan, mas conocido como “El faraón de la cumbia”, tomando luego la dirección sus hijos: Andy y Elmer Yaipen Jr. Desde entonces con la bendición de su padre y de Dios, “Grupo 5”, viene trabajando arduamente y con mucha responsabilidad, grabando temas en el 2000 como, “Asi se goza”, “Perdóname” y “el mix meti mi pi” o mas conocido como “El pícaro”.",https://www.last.fm/es/music/Grupo+5/+wiki,https://larepublica.cronosmedia.glr.pe/migration/images/CFSVFGZPUFDNRL7OZCAOGJIFWM.jpg,,Cumbia|Tecnocumbia,,1.2M,Motor y Motivo,58M,https://open.spotify.com/intl-es/track/2yjHvbMtfyoXXJYpsR3rYP?si=cbeaf8ff623e4fff,
Armonía 10,"Armonía 10 se fundó gracias al músico Juan de Dios Lozada Naquiche. Inicialmente se conoció como Los Blanders. Tiempo después, cambiaron al actual por el número de sus integrantes. Comenzaron presentándose en localidades y barrios de Piura, Perú. Interpreta cumbia norteña. Sus letras son alegres, bailables y destacan costumbres peruanas.",https://www.buenamusica.com/armonia-10/biografia,https://f.rpp-noticias.io/2024/05/15/470347_1582219.jpg?imgdimension=look,,Cumbia|Tecnocumbia,,932k,Dios Mío Hasta que me Enamoré,37M,https://open.spotify.com/intl-es/track/4kzOSWuuJtde6nXW5vLmQD?si=28f288bf2c5841ba,
Marisol y La Magia del Norte,"Marisol inició su carrera musical a los 14 años, colaborando con diversas orquestas de su región. En 2004, decidió formar su propia agrupación, Marisol y la Magia del Norte, logrando éxitos como «30 segundos» y «Si me ibas a dejar», canciones que abordan temas de desamor y empoderamiento femenino.Mejores ofertas de auriculares. En 2010, su tema «Dime gitana» acaparó las emisoras radiales del Perú, consolidando su posición en la escena musical.",https://conciertos.com.pe/persona/marisol/,https://yt3.googleusercontent.com/4zX2n26hPIKv4csxLozbpY-7B2aCcAK-G2OYxvTAt73hM_L3UFennmYdBOOkmOi-mkcuDoXXyA=s900-c-k-c0x00ffffff-no-rj,,Cumbia,,168k,Dime Gitana,8M,https://open.spotify.com/intl-es/track/6hf88CbMYNFl4Fj0DiObYh?si=f2ba65c11ccf4275,
Corrazón Serrano,"Corazón Serrano es una agrupación musical de cumbia peruana fundada el 2 de febrero de 1993 en el Centro poblado de Bellavista de Cachiaco en el Distrito de Pacaipampa, Provincia de Ayabaca, Piura, Perú, dirigida por los hermanos Guerrero Neyra.",https://corazonserrano.com.pe/biografia/,https://corazonserrano.com.pe/wp-content/uploads/2024/04/24.04-Banner.webp,,Cumbia|Pop|Tecnocumbia,,1.1M,Olvídame,22M,https://open.spotify.com/intl-es/track/3byPMMRlOGtxRQx9IhChU9?si=94d85a53a22c400c,
Hermanos Yaipén,"Los Hermanos Yaipén comenzaron en la ciudad de Monsefú, a unos ochocientos kilómetros de distancia de la capital peruana. Sus antecedentes se encuentran en Grupo 5, fundado en 1973 por Elmer Yaipén Uypan y algunos de sus hermanos. Este músico, conocido también como El Faraón de la Cumbia, murió en un accidente de tránsito en 1999. Por este motivo, el mencionado conjunto musical fue reestructurado. Quedó en manos de Elmer Yaipén Jr. y Andy Yaipén, dos de los hijos del fundador.",https://www.buenamusica.com/los-hermanos-yaipen/biografia,https://statics.lakaribena.com.pe/2024/08/crop/66b2a12ec8820__700x430.webp,,Cumbia|Tecnocumbia,,491k,Necesito un Amor,32M,https://open.spotify.com/intl-es/track/6oKlVyi7WPXixkimXIgIL3?si=fe2cf0933c02412e,
Agua Bella,"La banda empezó en febrero del 2000, después de que las integrantes (Evelyn, Cynthia, Nancy y Giuliana)pasaran rigurosos castings. El primer disco compacto de Agua Bella lleva el título de Cariño Loco, en el cual se incluyen “Imposible olvidarte”, “Merezco un nuevo amor”, “Lucerito”, entre otros. Este CD alcanzó un alto nivel de ventas y se hizo merecedor de un disco de oro que fue entregado por la disquera IEMPSA.",https://www.last.fm/es/music/Agua+Bella/+wiki,https://elcomercio.pe/resizer/v2/MBMC7WYHGRFOJDVCP2Z4JLUWPQ.jpg?auth=2bbf1f2f511d51a8814c98d0fb9e47dbb73428fcb48c833d5e6e8f2bb58ae679&width=980&height=528&quality=75&smart=true,,Cumbia|Tecnocumbia,,195k,Voy a Buscarme un Amor,9M,https://open.spotify.com/intl-es/track/0IGpE4M5z9RXaaRl0Jde8h?si=cba01a24374b4d56,
La Única Tropical,"La historia de La Única Tropical comenzó en los vibrantes barrios de Lima, Perú, a principios de los años 90. Este grupo, conocido por su estilo inconfundible de cumbia peruana, se formó bajo circunstancias modestas pero llenas de sueños y ambición. Los fundadores, Jorge Fernández y María Contreras, crecieron en un entorno donde la música era el escape perfecto de la dura realidad cotidiana.",https://www.musica.com/la-unica-tropical/biografia,https://blogger.googleusercontent.com/img/b/R29vZ2xl/AVvXsEggaEJD2_sPIThWC98WrlLTtpoVDEk6MQGx3TbyRm8uYqJ-M9l7kN2MHpCXLaNvrkdZO5Qu2jl7jiaZ2XeysC-U0WWJmSn1ooA2BPUvM5dcV3yYp1CjEKaYzAdigU7COBf9bXdWU3X8aMTTbFVUXfS9tjAdyoBOPGTxh1GXuEhI_RpUAdEAxTnydQ-K0pI/w1200-h630-p-k-no-nu/la%20unica%20tropical%20en%20Arequipa%20-%2001%20de%20junio%20NUEVA%20FECHA.jpeg,,Cumbia,,1M,Partido en Dos,49M,https://open.spotify.com/intl-es/track/7sPqCI54XxKNaOoGooaeCp?si=f5a294f2b73d4b81,
Maricarmen Marín,"Maricarmen Marín (n. Lima, 25 de septiembre de 1982) es una cantante, actriz, empresaria y productora peruana. Hizo su debut como cantante con el grupo ""Alma Bella"", después, inició su carrera musical como solista, publicando su álbum ""Me enamoré y qué"". En el 2008, planea lanzar ""Cumbia Poder"", su segundo álbum. Empezó su carrera artística siendo integrante del grupo de música cumbia ""Agua Bella"", con la cual grabo cuatro producciones discográficas, y viajó a distintos puntos internacionales.",https://www.musica.com/letras.asp?biografia=20824,https://elcomercio.pe/resizer/5H39cq-QC330rO-6iqVyrDb7L0g=/1200x800/smart/filters:format(jpeg):quality(75)/arc-anglerfish-arc2-prod-elcomercio.s3.amazonaws.com/public/XZHTTSOXDVHE3JUV4STQDZPXGA.jpg,,Cumbia|Pop|Andino,,193k,Porqué Te Fuiste,26M,https://open.spotify.com/intl-es/track/3xsy9cyy4k6glloiOWhQb0?si=47da8e675b1d4d76,
Leslie Shaw,"Después de su exitoso paso por ""Perú Tiene Talento"", la carrera de Leslie Shaw despegó, lo que le brindó numerosas oportunidades en la industria del entretenimiento. Reconocida por su versatilidad, Shaw ha demostrado sus habilidades como actriz a través de apariciones en diversas series de televisión y películas peruanas, solidificando así su estatus como una artista multifacética. A pesar de sus logros como actriz, es su destreza musical la que le ha otorgado un reconocimiento generalizado y admiración de fanáticos en todo Perú y más allá.",https://boo.world/es/database/profile/277953/leslie-shaw-personality-type,https://imgmedia.larepublica.pe/1200x630/larepublica/migration/images/H2TCAMTCAZEJ5KLJ5N6YLELMOU.jpg,,Pop|Urbano,,216k,Faldita,22M,https://open.spotify.com/intl-es/track/1R5nCcASgTubHzMx2Ic5UU?si=04de90774cd94a50,
Pascal,"Fue en el 2017, cuando Pascal decidió adentrarse en la industria musical, al aceptar colaborar con el productor peruano Juan Carlos Fernández, con quién grabó ‘Yo quiero’, su primera canción, la cual debutó en la telenovela En la piel de Alicia. Gracias a este primer éxito, Pascal se abrió paso dentro de la industria para componer su primer álbum.",https://es.rollingstone.com/artistas-que-debes-conocer-pascal/,"https://hips.hearstapps.com/hmg-prod/images/pascal101-67cabac51e5dd.png?crop=1xw:0.50025xh;center,top&resize=1200:*",,Pop,,51k,Nos Duele Tanto,12M,https://open.spotify.com/intl-es/track/5Qpe34hyuUgb83zeNk3q5u?si=eb3689cec76a4fc4,
Anna Carina,"El primer sencillo Loco Amor, logró calar rápidamente en el gusto del público juvenil, colocándose en las listas de preferencia de las principales radios locales. Al mismo tiempo que Anna Carina recorría diversos locales presentando lo mejor de su repertorio.",https://www.last.fm/es/music/Anna+Carina/+wiki,https://cloudfront-us-east-1.images.arcpublishing.com/elcomercio/5DDJM6RH2VAPXFCVEZWSARL5LQ.jpg,,Pop,,204k,Amándote,12M,https://open.spotify.com/intl-es/track/4cyMj3kQwS0eIgGtQg3ozR?si=271d9c5469294e7a,
Ezio Oliva,"Cantante Peruano, nació 14 de noviembre del 1988, es cantante y compositor peruano. Se dió a conocer en 2004, en el programa de canto “Súper Star”. En el 2007, formó parte de la banda Ádammo la cual fue galardonada en el 2009 como “Mejor Artista Revelación” en los Premios MTV. Se inició en el grupo Adammo junto a su compañero de banda, pues ambos querían tocar temas que habían compuesto desde la secundaria. En 2015, incursiona como solista lanzando su primer sencillo «Siempre has sido tú», el tema describe su relación con su esposa Karen Schwarz. En 2016, saca sus sencillos «El calendario» y «Ven morena».",https://ezioolivaoficial.com/,https://www.ociolatino.com/wp-content/uploads/2025/03/ezio-oliva-ociolatino.jpg,,Pop,,200k,Como le Hago,14M,https://open.spotify.com/intl-es/track/564R5BpJL2uuSeDfAVhsGH?si=4855aa0429b74099,
Tito Silva Music,"Tito Silva Music es el nombre artístico de Alberto Silva Reyes, un productor musical peruano que se ha hecho conocido a nivel mundial como el creador de la canción “Mi bebito fiu fiu”, un tema que hace referencia a unos chats filtrados atribuidos a Zully Pinchi y que serían dirigidos a Martin Vizcarra, expresidente del Perú.
",https://elcomercio.pe/mag/fama/quien-es-tito-silva-music-el-productor-musical-detras-de-mi-bebito-fiu-fiu-celeb-de-peru-nnda-nnlt-noticia/,https://i.scdn.co/image/ab6761610000e5ebaa7e858512686a919d7ecdaf,,Electrónica|Humor/Viral,,123k,Ya Te Olvide by Tony Rosado - House Remix,1M,https://open.spotify.com/intl-es/track/7w1szyyneS36rhUPP7hIv4?si=5259da614c944107,
Mario Hart,"Paralelamente a su carrera como piloto, Mario Hart desarrolló un interés profundo por la música. Su incursión en este ámbito se tradujo en una mixtura única de estilos, con un énfasis especial en el reguetón y otros géneros urbanos. La música le permitió conectar con un público más amplio y diversificado.",https://www.musica.com/mario-hart/biografia,https://yt3.googleusercontent.com/ytc/AIdro_m68Bayz9rvo_4JKvou69CUXkpTo_Qv12mIt-e59v73LPg=s900-c-k-c0x00ffffff-no-rj,,Urbano,,81k,Ponte Bonita,5M,https://open.spotify.com/intl-es/track/09Ovjyfez6v3SiJMIbiMtc?si=72b8676a18004d4a,
Asmir Young,"Asmir Young, la excantante de Son Tentanción, de gran capacidad interpretativa, buen dominio escénico y cautivadora voz, da el gran salto en su carrera musical e ingresa al género urbano con sus sencillos «Te extrañaré» y “Se supone”, de la mano del emergente sello discográfico The Gold Factory. Ya en el 2018 Asmir sacó su primera canción llamada «Báilame así» junto a EFES Music. También grabó un cover de «Culpables» de Manuel Turizo, el cual tuvo una espectacular acogida.",https://www.peruinforma.com/asmir-youngestrella-de-la-musica-urbana/,https://blog.losheat.tv/wp-content/uploads/2022/01/IMG_03122020_230340_1280_x_720_pixel1.jpg,,Urbano,,54k,Color Esperanza,2M,https://open.spotify.com/intl-es/track/66EjvHmV5hAFCv12sN5oyq?si=3596632b41564001,
Malucci,"Después de tener una fuerte inclinación hacía la música, los 22 años decidió atender esa vocación de manera profesional, adentrándose en los géneros urbanos. Malucci se ha destacado por cantar sus temas en los géneros trap y reguetón. En sus canciones habla de infidelidad, materialismo y deseo, esto sin adornar o esconder la necesidad de encender la pradera.",https://www.buenamusica.com/malucci/biografia,https://www.iberianpress.es/wp-content/uploads/2021/04/malucci.jpg,,Pop|Urbano,,193k,No es Tuyo,24M,https://open.spotify.com/intl-es/track/13GWpvQDWyMSIfxMHpn6TC?si=30c682ef7be5435b,
Flavia Laos,"Como cantante, lanzó el tema musical «Amor infinito» en colaboración con Pablo Heredia en 2017, además de participar en la banda sonora de la telenovela mencionada.  Ese mismo año, Flavia es invitada a participar en el tema oficial del programa Reto de campeones, canción junto al dúo Yamal & George y el productor peruano Daniel Zamudio «la Rana». Seguidamente, colaboró con Nico Ponce para el lanzamiento de su tema a dúo «Muriendo de amor» en 2018.",https://es.wikipedia.org/wiki/Flavia_Laos,https://platform.losheat.tv//media/user/profileImage/046e77.jpeg,,Pop|Urbano,,163k,Darte Like,2M,https://open.spotify.com/intl-es/track/2uaj2ylhwBFhu8397r4G1g?si=25fce73ca4444713,
Dina Paucar,"La vocación de cantante nació cuando ella tenía 14 años, mientras trabajaba como empleada doméstica; nadie imaginaba que sería una estrella. Según Dina, mientras cocinaba imaginaba las melodías y luego las memorizaba. Debe ser por eso que canciones como Madre o Qué lindos son tus ojos, tienen la calidez de la comida recién preparada.",https://www.last.fm/es/music/Dina+Paucar/+wiki,https://portal.andina.pe/EDPfotografia3/Thumbnail/2023/04/04/000947145W.jpg,,Andino,,395k,Mix Dina: Todo Empezó / Que Lindos son tus Ojos,5M,https://open.spotify.com/intl-es/track/0tCl47vT1ac7uzy4gaY0p3?si=7b820c9508f94611,
Los Kjarkas,"Los Kjarkas es un grupo musical boliviano fundado en Capinota en 1965 por los hermanos Hermosa: Wilson, Castel y Gonzalo , más Édgar Villarroel. El nombre del conjunto tiene su origen en la palabra kharka, del quechua sureño, que significa ""temor o recelo"", o también ""temblor"".",https://www.last.fm/es/music/Los+Kjarkas/+wiki,https://perufolkradio.com/wp-content/uploads/2023/06/kjarkas-libre.jpg,,Andino,,452k,Imillitay,12M,https://open.spotify.com/intl-es/track/6A4zk4Jp4VzhVtm73JWqgX?si=d6d00f92cf1a40d7,
Alborada,"La historia del grupo comienza en 1984 cuando Sixto Ayvar funda Alborada en su ciudad natal, Ocobamba. Su música, inspirada básicamente en el folklore del ande peruano, es llevada por Sixtucha a tierras germanas, estableciéndose finalmente en la ciudad de Colonia.",https://www.last.fm/es/music/Alborada/+wiki,https://perufolkradio.com/wp-content/uploads/2021/05/alborada-37-anos.jpg,,Andino|Fusión,,50k,Ananau,3M,https://open.spotify.com/intl-es/track/6YmZbRGGVh8wdMnF2fomGk?si=4b0c07e57a3e439a,
William Luna,"William Luna es compositor por naturaleza, sus primeras composiciones las hizo a los 11 años de edad, sus inspiraciones musicales se basan en el romanticismo andino y ademas en diferentes influencias extranjeras que recoge en un ambiente cosmopolita como es el Cusco, por la misma sociedad en la que vive y por el medio que lo rodea, sobre todo en vivencias propias que las convierte en canciones y su publico se identifica con cada una de sus inspiraciones, cantandolas a viva voz en cada una de sus presentaciones.",https://www.last.fm/es/music/William+Luna/+wiki,https://static.vaope.com/public/artists/7069-LANDING_WILLIAM-LUNA%20(1).jpg,,Andino|Pop,,601k,Niñachay,30M,https://open.spotify.com/intl-es/track/4AyOmpFFeUoqlarPvIDmiu?si=b8f38ba55b374d12,
Pelo D'Ambrosio,"Proviene de una casta de músicos, una vena artística que viene desde Manuel Eustaquio. Su madre es pianista, sus tíos músicos y todos de raíces huanuqueñas. Por parte de su padre es nieto de italiano es por ello el apellido D'Ambrosio. Pelo D'Ambrosio es cantante, músico, compositor, arreglista, Interpreta la primera guitarra, el piano y hace arreglo de cada una de sus canciones y de cada uno de sus instrumentos.",https://www.last.fm/es/music/Pelo+D%27Ambrosio/+wiki,https://musicaandinadelperu.com/wp-content/uploads/2020/07/Pelo-Dambrosio-1-1024x1024.png,,Andino|Fusión|Pop,,232k,Lejos de Ti,12M,https://open.spotify.com/intl-es/track/2KDwGzKce4L1Czz33BGeI5?si=3d6fea1f2e5f4e99,
Milena Warthon,"Cantante y compositora peruana que ha revolucionado la música con su innovador estilo ""Pop Andino"", una fusión única que combina los sonidos modernos del pop con las raíces del folklore andino. Su proyecto va más allá de la música: es un espectáculo completo que integra baile, luces, visuales impactantes y vestuarios vibrantes. A través de su música, Milena no solo celebra la riqueza cultural de los Andes, sino que también transmite poderosos mensajes de empoderamiento femenino y reivindicación cultural. Sus canciones se convierten en himnos que inspiran a las mujeres a abrazar su identidad y fortalecer su confianza, conectando profundamente con diversas audiencias.",https://www.milenawarthon.com/conoceme?srsltid=AfmBOooKalEHmxeL6zlIrGF48MkkgO4qaFNDxI1AEA6dI0ELHL39Yyo7,https://i.ytimg.com/vi/BMRi8N2P-w4/maxresdefault.jpg,,Andino|Pop,,110k,Warmisitay,4M,https://open.spotify.com/intl-es/track/4Y203vnL8mFkVmAVOlSsWG?si=8c144a782db04ec6,
Renata Flores,"Renata Flores Rivera es natural de Huamanga, Ayacucho. Su contacto con la música empezó desde muy pequeña, pero no fue hasta el 2014 cuando participó en La Voz Kids Perú y, tiempo después, subió su primer cover a YouTube, adaptando al quechua la canción “The House of the rising sun”. Desde aquella interpretación frente a la Pampa de Quinua, su esencia se ha mantenido intacta y, con el pasar del tiempo, ha ido añadiendo el activismo a su arte, hasta convertirse en la artista que es ahora.
",https://cosas.pe/personalidades/242903/dia-de-la-mujer-conoce-la-historia-de-renata-flores-una-peruana-de-exportacion/,https://cosasbucket.s3.amazonaws.com/wp-content/uploads/2020/11/05154336/Renata-Flores.jpg,,Urbano|Andino|Hip hop,,73k,Tijeras,590k,https://open.spotify.com/intl-es/track/5qjpID2xzQjJu67a3wP68m?si=44d7dcc51f0148a5,
K'Jantu Perú,"Eduardo y Herbert Quintanilla fundadores del grupo sintieron el llamado de la música desde la adolescencia, su in-clinación por la quena, la zampoña y el charango inicialmente fue como una afición, la cual fue cobrando fuerza con el tiempo, acercándolos a este arte hasta convertirlo en parte importante de sus vidas. Es en 1985 que formalmente se crea la agrupación que gana fama en poco tiempo.",https://www.bitacorarevista.com/kjantu-peru-la-agrupacion-de-los-hermanos-quintanilla/,https://i.scdn.co/image/ab67616d0000b273b9bd3a9474b8ddb57899d4a8,,Andino,,34k,Amargo Amor,3M,https://open.spotify.com/intl-es/track/1QRPFbWkF6Q3zT8e2RXpzP?si=49e05327cb8c49a4,
Lucho Quequezana,"Luis Rafael Quequezana Jaimes, más conocido como Lucho Quequezana, es un músico multiinstrumentalista y compositor de música peruana tradicional. Pese a que en su infancia tuvo un rechazo hacia la música, cuando se mudó a Huancayo se conecta con ella, logrando destacar con el paso del tiempo a nivel nacional, e incluso, llegando a ser reconocido de manera internacional.",https://enfoquemultimedia.com/quien-es-lucho-quequezana/,https://www.infobae.com/resizer/v2/ISNJRQEGJ5ARPJBOILKM7WBP2Y.jpg?auth=37380fe24cf7fb3fb45b22f996b6e6cd58a6fc91b7905c92256c338fece8334b&smart=true&width=1200&height=1200&quality=85,,Andino|Fusión,,35k,Camino al Carnaval,1M,https://open.spotify.com/intl-es/track/5mHSUGEUzWlAGLXGyyENoa?si=f4b4fb00f2c5438d,
Damaris,"Cantautora de música andina contemporánea, ganadora en la competencia folclórica del Festival de la Canción de Viña del Mar 2008. Dámaris inició su carrera artística en 1993, a los 7 años en el taller de música ""Yawar"" (especialidad de charango) y luego estudió canto, música, teatro y danzas peruanado charango en diversos lugares como el Teatro Segura de Lima, Anfiteatro de Miraflores y la Universidad Mayor de San Marcos, entre otros. ",https://www.last.fm/es/music/Damaris/+wiki,https://portal.andina.pe/EDPfotografia2/Thumbnail/2008/01/14/000051603W.jpg,,Andino|Fusión,,86k,Tusuykusun,3M,https://open.spotify.com/intl-es/track/5jY5DSjBzDzVnRzXFsf1mG?si=3cddf15ed4654cd8,
Antologia,"El grupo Antología se fundó en 1999 en la ciudad de Lima por iniciativa de Dilio Galindo Moreno director, primera voz y guitarra base de la tan prestigiosa agrupación, natural de Puquio que está ubicado en el departamento de Ayacucho  y Tato Tincopa quienes propusieron, luego de un concierto del grupo Yawar, al charanguita José Meza Muñoz, acompañarlos en un proyecto musical. Para ese entonces, José Meza Muñoz ya tenía una amplia trayectoria al ser parte de diversos grupos musicales como el dúo hermanos Gaitán Castro, Yawar Inka , Inka Son y Pachacamac en los que participó como charanguista y arreglista musical  en la actualidad se encuentran en EE.UU., natural de la oroya en el departamento de Junín.",https://kulturaperuana.blogspot.com/2017/06/antologia.html,https://blogger.googleusercontent.com/img/b/R29vZ2xl/AVvXsEgUIKv53LBn9nJeaacb5I5mJakCLPR2uXV5SBcJQ9bn7zIaP4wZ5rj6vrqnPtTDKn9lfWdZ8lbOc-itaNUhxffI76zusYOrKwbBJfJczsQJIhQtcCgFCuJMJpnaVfs5pWnqKRN3qW4qVZpI/s1600/ANTOLOGIA.jpg,,Andino|Fusión,,448k,Mentiras,20M,https://open.spotify.com/intl-es/track/5JytJdfdosmvYeb7BR6Bye?si=c3aa7236c3b44c4d,
Chabuca Granda,"María Isabel Granda y Larco, conocida mundialmente como Chabuca Granda, nació el 3 de septiembre de 1920 en Cotabambas Auraria, Apurímac, Perú. Hija de un ingeniero de minas y una madre trujillana de ascendencia italiana, se trasladó con su familia a Lima en 1923.
Pasó parte de su infancia en el distrito de Barranco, donde empezó a desarrollar su sensibilidad artística. Estudió en el colegio Sagrados Corazones Belén y fue bautizada en la iglesia de los Huérfanos.",https://es.wikipedia.org/wiki/Chabuca_Granda,https://www.miraflores.gob.pe/wp-content/uploads/2020/09/22ACC492-40E4-4669-9EA8-923CA3670DFB.jpeg,,Criollo,,148k,La Flor de la Canela,5M,https://open.spotify.com/intl-es/track/3ciDewwDbazjc7UnDtY4nA?si=3770adcac1d94224,
"Arturo ""Zambo"" Cavero","Arturo ""Zambo"" Cavero fue un destacado cantante peruano nacido en Lima, hijo de Juan Cavero (de Huaral) y Digna Velásquez (de Cañete). Su estilo interpretativo, lleno de intensidad y sabor criollo, lo convirtió en un referente de la música tradicional peruana, especialmente del vals criollo con influencia afroperuana. Fue reconocido internacionalmente y homenajeado en 1987 por la OEA en Washington D.C., junto a otros grandes músicos peruanos. Falleció el 9 de octubre de 2009 a causa de una septicemia. En su honor, el presidente Alan García declaró un día de duelo nacional.","https://en.wikipedia.org/wiki/Arturo_""Zambo""_Cavero",https://cloudfront-us-east-1.images.arcpublishing.com/infobae/MLFDWZE2KVHUXDT427PPY757WE.jpg,,Criollo,,239k,El Chacombo,9M,https://open.spotify.com/intl-es/track/3KpwXsmm3lid47KMCELsGc?si=6d4d824861824aab,
Augusto Polo Campos,"Augusto Polo Campos fue un destacado compositor y cantautor peruano, nacido en Ayacucho en 1932. Es considerado una leyenda de la música criolla y afroperuana por su gran aporte al patrimonio musical del Perú, especialmente en géneros como el vals criollo. Entre sus canciones más emblemáticas destacan “Y se llama Perú” y “Contigo Perú”, que se convirtieron en himnos de identidad nacional. Fue reconocido como Personalidad Meritoria de la Cultura por el Ministerio de Cultura del Perú por su legado artístico y simbólico.",https://es.wikipedia.org/wiki/Augusto_Polo_Campos,https://i.ytimg.com/vi/3JzCb9_vnfQ/hqdefault.jpg,,Criollo,,228K,Contigo Perú,2.8M,https://open.spotify.com/intl-es/track/6L85SyZ5PydvQlnQe1jkzt?si=2c48e52d9db44d89,
Eva Ayllón,"Eva Ayllón, nacida en Lima en 1956, es una reconocida intérprete de música criolla y afroperuana. Inició su carrera en peñas limeñas y ganó popularidad como vocalista de Los Kipus. En 1979 lanzó su primer disco como solista. A lo largo de su trayectoria ha llevado la música peruana a escenarios internacionales y ha colaborado con artistas como Marc Anthony y El Gran Combo. Es considerada una de las máximas exponentes del folclore peruano.",https://www.last.fm/es/music/Eva+Ayllón/+wiki,https://evaayllon.com.pe/wp/wp-content/uploads/2016/09/eva_caja-1024x744.jpg,,Criollo,,712k,Mal Paso,14M,https://open.spotify.com/intl-es/track/3wsEhAmNEiHZzlkWBnXnym?si=da3b04f9fb7142ea,
Carmencita Lara,"Carmencita Lara (nacida Julia Rosa Capristán García) no solo fue una cantante popular: fue un fenómeno cultural, una voz del Perú profundo que cruzó generaciones, géneros y fronteras sin renunciar jamás a su identidad ni a su pueblo. Su historia es la de una mujer que desde el margen construyó un imperio sonoro a base de autenticidad, dolor, pasión y resistencia, que hasta hoy palpita en los barrios, en las provincias, en las rockolas, en la memoria colectiva.",https://www.last.fm/es/music/Carmencita+Lara/+wiki,https://imgmedia.larepublica.pe/640x361/larepublica/migration/images/QNVYXLZYBVGERNSJ4HYXSKXQSQ.webp,,Criollo|Andino,,268k,Mala Sombra,10M,https://open.spotify.com/intl-es/track/50HIoqM5D8xEiRz4tTxsS5?si=9f017b9e002d4230,
"Juan ""Cholo"" Chumbiauca","Chumbiauca Sotelo, conocido como el Cholo Chumbiauca, es un destacado compositor de Chincha, nacido el 19 de enero de 1957. Proviene de una familia musical: su padre era guitarrista y su madre, cantante. Es considerado uno de los grandes referentes de la canción criolla en su región.",https://blogs-angela.blogspot.com/2011/10/un-gran-compositor-chinchano-el-cholo.html,https://imgmedia.larepublica.pe/1200x630/larepublica/migration/images/5NL2NNHHNJFB3L4LBZIUROHCUI.jpg,,Criollo,,(Sin cuenta en spotify como artista),Saca la mano,8.3M,https://open.spotify.com/intl-es/track/2zT0Y84xIrdaGXXYEYi5bL?si=dc1babc06dc348e5,
Lucha Reyes,"Lucila Justina Sarcines Reyes, más conocida como Lucha Reyes, fue una cantante afroperuana de música criolla. Su talento interpretativo le valió los apelativos de la Morena de Oro del Perú y la Reina de la Popularidad.",https://www.wikiwand.com/es/map/Lucha_Reyes_(Perú),https://www.coolt.com/uploads/s1/76/56/7/lucha-reyes-1972-lima-el-comercio.jpeg,,Criollo,,131k,Regresa,6M,https://open.spotify.com/intl-es/track/28QIfk2hJEeoxd3eTyyfrC?si=533d42868c8c4c63,
Manuel Donayre,"Manuel Donayre nació el 24 de noviembre de 1949 en San Luis de Cañete, cuna de la cultura afroperuana. Desde joven mostró talento para el canto y formó parte del Conjunto Cumanana. En los años 70 consolidó su carrera, influenciado por Lucha Reyes. Su primer éxito fue “Secreto” (1976), y en 1980 grabó tres discos en un año. También incursionó en el bolero. Desde 1992 vive en Estados Unidos.",https://es.wikipedia.org/wiki/Manuel_Donayre,https://i1.sndcdn.com/avatars-000046566366-0bfk7f-t500x500.jpg,,Criollo,,44k,Yo Perdí el Corazón,2M,https://open.spotify.com/intl-es/track/0ic3uYsSs1scrYvfJ2qOq5?si=f83cd8f67f4b43b5,
Pepe Vásquez,"Pepe Vásquez (1961–2014) fue un destacado cantautor afroperuano, heredero de una tradición musical de Cañete y Aucallama. Autor de temas emblemáticos como “Jipi Jay” y “Ritmo de Negros”, dejó huella en la música criolla. Recibió reconocimiento oficial por su aporte cultural. Falleció a los 52 años por complicaciones de salud derivadas de la diabetes.",https://es.hispanopedia.com/wiki/Pepe_Vásquez,https://imgmedia.larepublica.pe/1200x630/larepublica/migration/images/A2KRHXE46ZDV7J6IK4B64ZQLFQ.jpg,,Criollo,,63k,Jipi Jay,3M,https://open.spotify.com/intl-es/track/2EtMSByHEY4Wcn9iuFnZ2u?si=dbf88b652f1d439a,
Jaze,"Jaze (Juan Carlos Iwasaki La Puente) es un músico, compositor y freestyler peruano, reconocido por su versatilidad en el freestyle. Fue campeón nacional de Red Bull Batalla Perú 2018 y bicampeón de FMS Perú, liga que ayudó a impulsar junto a Nekroos y Choque. En sus inicios, era conocido por llevar una mochila a sus batallas.",https://rap.fandom.com/es/wiki/Jaze,"https://img.redbull.com/images/q_auto,f_auto/redbullcom/2022/5/19/r7kiq1ifcprzqb1wgs1d/jaze",,Urbano|Hip hop,,588k,Las Consecuencias,20M,https://open.spotify.com/intl-es/track/1pqQwSJVzaGYLbHo845nzZ?si=95a0efdc4d56435f,
A.CHAL,"Alejandro Chal (mejor conocido por su nombre artístico A. CHAL) es un cantautor y productor peruano de R&B. Lanzó su primer EP, Ballroom Riots, en 2013. Su álbum debut de estudio, Welcome to GAZI, lanzó en junio de 2016. El sencillo de Chal, ""Round Whippin '"", fue estrenado por Zane Lowe en 2015. Chal ha actuado en Day N Nite Fest.",https://www.last.fm/es/music/A.CHAL/+wiki,https://www.billboard.com/wp-content/uploads/media/a-chal-2018-cr-epic-records-billboard-1548.jpg?w=942&h=623&crop=1&resize=942%2C623,,Urbano,,548k,000 000,74M,https://open.spotify.com/intl-es/track/5QeUZ1Z4xSCegBXutW3IIt?si=8d9058444e494f00,
Pedro Mo,"Pedro Mo (Pedro Gonzalo Mosqueira), también conocido como Zekatari o Mc Parásito, es un rapero y productor peruano activo desde los años 2000. Su música aborda temas sociales, políticos, urbanos y humanistas, destacando por su estilo lírico, juego de palabras y estructuras complejas, que lo han mantenido vigente hasta hoy.",https://rap.fandom.com/es/wiki/Pedro_Mo,https://cdn-images.dzcdn.net/images/artist/3a8e43ab5cda2e77b81a9590c160c459/500x500-000000-80-0-0.jpg,,Urbano,,50k,En Qué Estás,1.4M,https://open.spotify.com/intl-es/track/0zzRKluCXNHGg6lvIbQnfB?si=c91687beb358404a,
Norick,"Norick (Braulio Norick Gamarra Guevara) es un rapero, productor y freestyler peruano del barrio de Surquillo, Lima. Integrante de Rapper School, es considerado uno de los pilares del hip hop peruano y uno de los mejores exponentes del rap latinoamericano, activo desde los años 90 hasta hoy.",https://rap.fandom.com/es/wiki/Norick,https://f.rpp-noticias.io/2023/08/09/354735_1461461.jpg?imgdimension=look,,Urbano|Hip hop,,556k,Bendecidos,24M,https://open.spotify.com/intl-es/track/2QEkingmea3KHdvw0dy9K3?si=9f8f71314c8b4ce4,
Rapper School,"Rapper School, también conocidos como La Promoción Lunatika, es un grupo de rap peruano formado en 1999 y consolidado en 2001. Surgieron del colegio Scipión E. Llona en Miraflores y son considerados pioneros y pilares del hip hop peruano e hispanohablante. Se mantienen activos hasta la actualidad.",https://rap.fandom.com/es/wiki/Rapper_School,https://lastfm.freetls.fastly.net/i/u/770x0/03eb15558048419693fad7074867f7fd.jpg#03eb15558048419693fad7074867f7fd,,Urbano|Hip hop,,352k,God level 3,14.9M,https://open.spotify.com/intl-es/track/1WiDJ9qyX9y7gROMw7MmmK?si=d7d599646ef84fd3,
Liberato Kani,"Liberato Kani es un rapero y compositor peruano que fusiona el hip hop con música andina, amazónica y afroperuana. Lanzó su primer álbum, Rimay Pueblo, en 2016. Ha realizado presentaciones en escenarios importantes como el Gran Teatro Nacional, Jammin Perú, la Feria Internacional del Libro de Lima y AfueraFest, además de actuar en países como Alemania, Cuba, Chile, España y EE. UU. Estudia educación en la Universidad Enrique Guzmán y Valle, y está comprometido con la lengua quechua y la interculturalidad.",https://www.liberatokani.com/biography,https://elperuano.pe/fotografia/thumbnail/2019/05/16/000059821M.jpg,,Urbano|Andino|Hip hop,,2k,Kaykupani,195k,https://open.spotify.com/intl-es/track/1db3MM6f3RRkNHCanZtC5P?si=359619cfe4cf4c12,
Jota,"Jota Shoy (Juan José Leyva Serrano) es un rapero y freestyler peruano, bicampeón nacional de Red Bull Batalla Perú y subcampeón mundial en 2016. Es considerado uno de los MCs más influyentes del país, destacado por su estilo fluido, sin muletillas y con un flow de vieja escuela, que lo ha hecho respetado en la escena del freestyle en español.",https://rap.fandom.com/es/wiki/Jota,"https://img.redbull.com/images/c_fill,g_auto,w_1350,h_900/q_auto,f_jpg/redbullcom/2023/12/18/xd3xdbklfwknexvqeskn/jota",,Urbano|Hip hop,,49k,2.51,2.4M,https://open.spotify.com/intl-es/track/6Pot0YxQClv0VEyn59UCoq?si=ad659a6ff0944234,
Janice,"Janice Isabel Sánchez Diaz, mejor conocida como Janice es una cantante, rapera y compositora procedente de Perú, reconocida como una de las exponentes femeninas más resaltante en la escena nacional.",https://rap.fandom.com/es/wiki/Janice,https://elcomercio.pe/resizer/OqLPXqdnsWRXNxh0FDLCs9px1eQ=/1200x800/smart/filters:format(jpeg):quality(75)/arc-anglerfish-arc2-prod-elcomercio.s3.amazonaws.com/public/GAK7UB3K55FX3MRYLGHKDW7CNQ.jpg,,Pop|Urbano,,5k,One in a million,576k,https://open.spotify.com/intl-es/track/7dANHNW21jjX8h2NT37SzY?si=78e5575557844b3b,
Gian Marco,"Gian Marco Zignago, nacido el 17 de agosto de 1970 en Lima, es un cantante y compositor peruano, hijo de Regina Alcóver y Javier Zignago. Inició su carrera en los años 90 con discos como Gian Marco (1990), Personal (1992) y Entre la Arena y la Luna (1994). Ganó popularidad también como conductor en TV. Su éxito creció con álbumes como A Tiempo (2002), Resucitar (2004) y 8 (2006), y fue elegido para interpretar el himno oficial de la Copa América Perú 2004.",https://www.cmtv.com.ar/biografia/show.php?bnid=2490&banda=Gian_Marco,https://f.rpp-noticias.io/2024/08/07/380138_1623575.jpg?imgdimension=look,,Pop|Fusión,,2.9M,Te Mentiría,31M,https://open.spotify.com/intl-es/track/3LSRGvBWTdnUBJC32oBFnZ?si=6fce0af6c5434c19,
We the Lion,"Los integrantes de la banda se conocieron en la etapa escolar en donde se reunían después de clases para tocar instrumentos en la casa de Paul; fue el hermano de Paul la principal persona que los inspiró a iniciar como banda en el mundo musical. La banda señala que eligió de nombre ""We the Lion"" (nosotros el león) porque refleja el sentido de “unión de familia y abarca el lado primitivo y natural de la banda”.",https://es.wikipedia.org/wiki/We_the_Lion,https://elcomercio.pe/resizer/sSacykeUWFDskaYFmUxv8-GwRjk=/1200x900/smart/filters:format(jpeg):quality(75)/arc-anglerfish-arc2-prod-elcomercio.s3.amazonaws.com/public/NYAEMSZTWZFPHK6TQKWCY2NQEU.jpg,,Pop|Rock,,86k,Found Love,12M,https://open.spotify.com/intl-es/track/06bP5fBUljQLN6GPEMpiFr?si=f0f98bbc64284122,
Temple Sour,"Temple Sour se formó en 2014 por un grupo de amigos del colegio. Debutaron con la canción ""I Can See the Sun"" y en 2016 lanzaron su primer EP, ""Temple Sour EP"", con gran éxito en plataformas digitales. En 2017, su tema ""Chibola Manyada"" se volvió viral y lideró listas en Movistar Música. En 2018, publicaron su primer álbum de estudio: ""Pasajeros"".","https://emilyczc.home.blog/2019/01/10/temple-sour/#:~:text=Historia,de%20estudio%20titulado%20«Pasajeros».",https://elcomercio-elcomercio-prod.web.arc-cdn.net/resizer/v2/PEL6OPEXVBG6PHHGDLDCA6ZL2A.jpg?auth=6345b8fd8b1d42bbf835632919d5ccff13f7d2b006d3195e6c5b0f7270ad5434&width=680&height=680&smart=true&quality=75,,Reggae/Funk|Rock,,353k,Verte Así,19M,https://open.spotify.com/intl-es/track/1MbZQzTVCbZwdluitjREr1?si=3e7bde042efc4ff8,
Adrián Bello,"Adrián Bello (Lima, 13 de enero de 1991) es un cantante y compositor peruano, conocido por interpretar pop soul en inglés. Debutó con un álbum que marcó su estilo maduro y emocional. Su carrera sigue en ascenso, con la meta de destacar en la escena internacional del soul.",https://www.buenamusica.com/adrian-bello/biografia,https://portal.andina.pe/EDPfotografia3/Thumbnail/2024/01/01/001025804W.jpg,,Pop|Electrónica,,195k,Escondidos,7M,https://open.spotify.com/intl-es/track/0Dqqdhn0ktI7pz8qNhT3AO?si=631ad1cb381d449c,
Nicole Zignago,"Nicole Zignago (Lima, 27 de diciembre de 1995) es una cantante y compositora peruana. Inició su carrera en YouTube y ganó reconocimiento como coautora del hit “1,2,3” de Sofía Reyes. Entre sus canciones destacan ""Me gusta que me gustes"", ""Feelings"" y ""Quién lo diría"", en colaboración con el grupo Lagos.",https://www.buenamusica.com/nicole-zignago/biografia,https://es.rollingstone.com/wp-content/uploads/2024/05/Nicole-Zignago-estrena-escrita-su-album-debut.jpg,,Pop,,371k,La Ola,17M,https://open.spotify.com/intl-es/track/2xi5RFdO9KqA5RFK8TDKGp?si=c361dfd48e094de3,
Números Primos,"Números Primos es un proyecto de Guil Treistman y el escritor El Búho, que combina latin folk, letras de humor negro y dibujos en vivo durante sus presentaciones. Han lanzado dos EPs y siete singles, destacando el tema ""Mejor otro día"", una apología a la procrastinación acompañada de un videoclip lo-fi con imágenes apocalípticas, reflejando con humor la ansiedad de los tiempos actuales.","https://indiehoy.com/descubrir/conoce-a-los-peruanos-numeros-primos-y-su-oda-a-la-procrastinacion/#:~:text=Números%20Primos%20es%20la%20colaboración%20del%20músico,usando%20los%20personajes%20de%20su%20tira%20homónima.",https://indiehoy.com/wp-content/uploads/2020/05/numeros-primos.jpg,,Pop|Electrónica,,14k,Una Forma de Energía que Ilumina las Cosas,2M,https://open.spotify.com/intl-es/track/48F3yZG6XKR2m1yI5q1ph7?si=2f5a982276dc410d,
Nicole Favre,"Cantante pop famosa por sus canciones populares como ""Dime"" y ""Candela"". Lanzó su álbum Y Te Lo Digo Yo en el 2021 con Universal Music México. También es muy popular en TikTok, alcanzando 450.000 fanáticos en la aplicación.",https://es.famousbirthdays.com/people/nicole-favre.html,https://f.rpp-noticias.io/2023/06/14/100110_1440520.jpg?imgdimension=look,,Pop|Urbano,,69k,Olvidarte,4M,https://open.spotify.com/intl-es/track/1sq5yMUQfFvrJ62WfBUSNW?si=6b37878d6f954719,
Marie Cherry,"Marie Cherry Pop, nacida en 1992 en Lima, es una cantante peruana que debutó en 2012. Alcanzó reconocimiento con su tema “Un dos tres” y fue telonera de artistas como Luis Fonsi. Ha lanzado álbumes como Sugar Daddy, Mala fama y Billetes, y ha trabajado con Susana Baca y Wendy Sulca. También ha sido conductora radial y en 2019 incursionó en contenido para adultos. En 2023 lanzó los temas Chica alfa y Perro que ladra.",https://es.wikipedia.org/wiki/Marie_Cherry_Pop,https://elcomercio.pe/resizer/v2/NLIQXZ243BHXHBBNZGORHKRKTQ.jpg?auth=27c1d61e58105ecd7fc6201141ea7cfcaad2fda112661e5d295afca2f90d66be&width=620&quality=75&smart=true,,Pop,,10k,X2,591k,https://open.spotify.com/intl-es/track/25w0P9UiWiYdArfUodoGzT?si=1e9ad14dfb6645fb,
Ruth Karina y Su Grupo Pa' Gozar,"Ruth Karina es una cantante peruana nacida en Pucallpa, que inició su carrera en grupos de música tropical en Ucayali y Loreto. Alcanzó la fama con el grupo Euforia y el tema ""Ven a bailar"", conocido popularmente como ""El baile del calzón"". Ya en Lima, participó en programas de TV y en la película Pantaleón y las visitadoras (1998). Como solista destacó con canciones como ""Sangre caliente"", ""Menéalo"" y ""Pa' gozar"", y lanzó el disco Sigue mi ritmo.",https://es.wikipedia.org/wiki/Ruth_Karina,https://www.expreso.com.pe/wp-content/uploads/2024/01/Ruth-Karina-en-entrevista-con-Expreso-Hace-14-anos-le-entregue-mi-vida-a-Dios.jpg,,Tecnocumbia,,66k,Lloras por Mi,11M,https://open.spotify.com/intl-es/track/49LSCyKvYaLEojxiOJ6P3z?si=15495f2ffcf64e85,
Ana Kohler | Euforia de Iquitos,"Ana Kohler es una cantante peruana nacida en 1975, que inició su carrera a los 14 años en Iquitos. Alcanzó la fama en 1999 con el grupo Euforia y el éxito ""El siqui siqui"". Luego lanzó su proyecto Ana Kohler & Orquesta y vivió en EE. UU. durante varios años. Regresó al Perú en 2017 para retomar su carrera, participando en programas como El artista del año y Yo soy, y en eventos como el aniversario de Axé Bahía.",https://chichaweb.com/ana-kohler-de-la-selva-su-encanto/,https://chichaweb.com/wp-content/uploads/2019/03/BAB175E7-26C8-4E89-ABE3-9BDE612C33BA.jpeg,,Cumbia|Fusión,,125k,Siqui siqui,6.6M,https://open.spotify.com/intl-es/track/7bI0HWV6WmPS8a7KG41z67?si=b81db65d3359436c,
Ada Chura,"Ada Chura, nacida el 6 de febrero de 1974 en Tacna, inició su carrera musical desde joven, debutando profesionalmente en 1989. Formó parte de La Nueva Pasión y luego lideró su grupo Ada y los Apasionados. Alcanzó gran popularidad en todo el Perú y fue ovacionada en eventos como el Festival de la Cerveza Cusqueña y el Festival de la Cumbia en Bolivia. También llevó su música a Europa, destacando en Milán y Roma.",https://www.last.fm/es/music/Ada+Chura/+wiki,https://i.scdn.co/image/ab67616d0000b273cfae2c0671c0c9f9958c4be9,,Cumbia|Chicha,,51k,Yo sé que Volverás,1M,https://open.spotify.com/intl-es/track/0YBq5aIvqZlCXzymvXvoO8?si=ff65294a2af14b5a,
Sonido 2000,"Sonido 2000 es una agrupación de cumbia amazónica fundada en 1975 en Tarapoto por Tulio Trigoso Reátegui, con la idea de crear la banda sonora del supuesto fin del mundo en el año 2000. Aunque el fin no llegó, el grupo se convirtió en un pilar del “poder verde” junto a Los Mirlos y Juaneco y su Combo. Con influencias de Enrique Delgado, Led Zeppelin y Jimi Hendrix, Trigoso compuso éxitos como ""Mi cariñito"", ""Mensaje de amor"" y ""Lamento chacarero"", recopilados en el disco Sonido 2000 de Tarapoto.",https://peru21.pe/cultura/sonido-2000-cumbia-amazonica-mundo-fotos-396537-noticia/,https://i.ytimg.com/vi/yro75ZH9KAw/hq720.jpg?sqp=-oaymwEhCK4FEIIDSFryq4qpAxMIARUAAAAAGAElAADIQj0AgKJD&rs=AOn4CLArUqSzk8JxvzTzabpteiJdswYAAQ,,Cumbia|Tecnocumbia,,120k,Mi Cariñito,6.7M,https://open.spotify.com/intl-es/track/34JtnRHvuDL5c2rfOLJeDw?si=6e0f6d3afd1e400e,
Skandalo,"Skándalo fue una boy band peruana formada en 1999 por Roly Ortiz, conocida por interpretar tecnocumbia. Alcanzó gran popularidad a inicios de los 2000, junto a grupos como Joven Sensación, Tornado y Zona Franca. Su éxito trascendió el Perú, llegando también a países como Argentina, Bolivia y Ecuador.",https://es.wikipedia.org/wiki/Skándalo,https://www.infobae.com/resizer/v2/4D62E5LWYVGITN6EPMY6JWIKIY.jpg?auth=b8cdb0fcc7ae7f2779dbd276448f914c04b58d46e10988e894367844394217d0&height=1200&quality=85&smart=true&width=1200,,Cumbia|Electrónica|Tecnocumbia,,3k,Colegiala,2 540,https://open.spotify.com/intl-es/track/527FzZnq5azIf0Mbtwm4j8?si=cd346242efd54fbe,
Alma Bella de Yolanda Medina,"Alma Bella es un grupo femenino peruano con más de 10 años de trayectoria, reconocido por su éxito dentro y fuera del país. Han grabado cerca de 200 canciones, con temas populares como ""Bombón Asesino"", ""Evidencias"" y ""Me Engañaste"". Su música ha llegado a países como EE. UU., España, Italia, Suiza y Argentina, consolidándolas como referentes de la cumbia femenina peruana.",https://en-m-wikipedia-org.translate.goog/wiki/Alma_Bella_(group)?_x_tr_sl=en&_x_tr_tl=es&_x_tr_hl=es&_x_tr_pto=tc,https://scontent-lim1-1.xx.fbcdn.net/v/t1.6435-9/37145297_1418719968271943_3819412071557103616_n.jpg?_nc_cat=107&ccb=1-7&_nc_sid=833d8c&_nc_ohc=7qUbDjLvIGUQ7kNvwGejj85&_nc_oc=AdlmaQXoZ78co7EL0zsRg0Yx6G2Ta2xS_0gKbpsyPaErXulHlO5f8qIDoJxAZVKlkHBtDcoxS2C9zPOeBgX1Ay3Y&_nc_zt=23&_nc_ht=scontent-lim1-1.xx&_nc_gid=Laf4HUH6GXvPfaf8bfuhfA&oh=00_AfN1GCtsvcW0DrlrHKpZpUcxQ3HK5QWPMqJDg9OX5IyvIg&oe=687B1219,,Cumbia|Tecnocumbia,,38k,Niña Tonta,515k,https://open.spotify.com/intl-es/track/1gDlEzphzn3ZUU2Gm8iaZk?si=6d3a1be856f34cc4,
Papillón,"Papillón es un grupo de cumbia amazónica nacido en 1997 en Tarapoto. Alcanzó fama en la selva con temas como ""¿Qué pasó?"" y ""Rogaré"", y se consolidó a nivel nacional en 2008 con la llegada de Esaud Suárez y éxitos como ""Triste payaso"" y ""El baile del gusano"". Con un estilo sentimental y bailable, hoy es una de las orquestas más populares del Perú.",https://orquesta-papillon.blogspot.com/2009/09/historia-de-papillon.html,https://scontent-lim1-1.xx.fbcdn.net/v/t1.6435-9/50309666_2003622563069368_4025979670414491648_n.jpg?stp=dst-jpg_s600x600_tt6&_nc_cat=105&ccb=1-7&_nc_sid=833d8c&_nc_ohc=t2bbPSbKNEIQ7kNvwHvJAHl&_nc_oc=AdnU4MpUIodzOevRLawWSHgHvTIE8C0x5-zqg51G-CYQ_cl6pyI-FKY_nM5-up_8f7dbEraFaITqKl6Y8Vcemn0Y&_nc_zt=23&_nc_ht=scontent-lim1-1.xx&_nc_gid=cGkUBg93ZXgMAoOI4iGKqQ&oh=00_AfNdRNJCcnIr7moyQ8Esw9gtObroGFIIEGr_NNxSrOMiIA&oe=687B193D,,Cumbia|Tecnocumbia,,446k,Cuerpo de Sirena,18M,https://open.spotify.com/intl-es/track/0fonkCX3RL2T4Drh4BFeIX?si=99a374054a464524,
Deyvis Orosco,"Deyvis Orosco, nacido en Lima el 8 de septiembre de 1986, es hijo del cantante Johnny Orosco. Inició su carrera en 2006, pero fue en 2007 cuando asumió el liderazgo del Grupo Néctar tras la muerte de su padre y otros miembros en un accidente. Ha impulsado su carrera con proyectos como la serie La Pre, la película Somos Néctar, y homenajes musicales como ""Siempre Vivo"". También fue jurado en Los cuatro finalistas y protagonista de la novela Torbellino, 20 años después. Es una figura clave en la cumbia peruana contemporánea.",https://www.wikiwand.com/es/articles/Deyvis_Orosco,https://peru21.pe/sites/default/efsfiles/styles/wide/public/2025-01/abridoras-32.png?itok=Q9uVnqIz,,Cumbia|Urbano|Tecnocumbia,,134k,No Te Creas Tan Importante,19M,https://open.spotify.com/intl-es/track/2XD999vTjXDbkFRpYK1tXz?si=b08e62b372484656,
Tongo,"Tongo (nacido el 24 de septiembre de 1957 en Huancayo, Perú) fue un cantante peruano que alcanzó la fama en los años 90 con temas como ""La Pituca"" y ""Sufre peruano, sufre"". En 2007 volvió a la escena con una versión en inglés de La Pituca, que presentó en el programa de Jaime Bayly, con quien lanzó el álbum ""El padrino"". También realizó presentaciones en discotecas y grabó temas en varios idiomas. Su estilo mezclaba cumbia, sátira y humor, convirtiéndolo en un personaje popular en la música y la televisión peruana.",https://youtube.fandom.com/es/wiki/Tongo_Oficial,https://yt3.googleusercontent.com/ytc/AIdro_kFXYtOKE0tuTP6e-IQlZf8NScf6Yy3YwveT1AIxe8QLoM=s900-c-k-c0x00ffffff-no-rj,,Cumbia|Humor/Viral|Parodia,,7k,Billie Jean - Cover,165k,https://open.spotify.com/intl-es/track/0KCtAd9hE9uEm7HaRvruXg?si=18680392be334e80,
El Lobo y La Sociedad Peruana,"Sociedad Privada es un grupo peruano de cumbia amazónica fundado en 1994. Comenzaron como Orquesta Internacional Privados, fusionando ritmos selváticos con tecnocumbia. Su primer éxito fue ""No hay felicidad"". Tras un cambio de nombre, relanzaron su carrera como Sociedad Privada con el tema ""Aléjate de mí"". Su cantante, José Luis Arroyo, es una de las voces tropicales más reconocidas del país.",https://www.last.fm/es/music/Sociedad+Privada/+wiki,https://i.scdn.co/image/ab6761610000e5eb9ab3c0206e61fdd0fd64ceeb,,Cumbia,,298k,Júrame,16.7M,https://open.spotify.com/intl-es/track/4mrVuyJeb9kjJ41F3tWhE0?si=9c879d2ec78f44ad,
Gabriel Drago,"Gabriel Drago, antes conocido como Jethro, es un rapero, cantante y freestyler peruano, destacado en la nueva generación del rap. Comenzó su carrera en 2014 participando en batallas de rap bajo el nombre de Jethro, pero luego se retiró de las competencias para enfocarse en su música.",https://rap.fandom.com/es/wiki/Gabriel_Drago,https://akamai.sscdn.co/uploadfile/letras/fotos/f/f/8/1/ff817a1423984445ed04d67a5f0422aa.jpg,,Electrónica|Pop,,151k,A cualquier Hora,7.8M,https://open.spotify.com/intl-es/track/4ReElLs9FTowk1jt5mG3dz?si=0c7ff77761ef4874,
DJ Peligro,"DJ Peligro, cuyo nombre real es Markos Joel Vásquez Minaya, nació en Lima el 9 de septiembre de 1987. Es un DJ, productor y compositor peruano especializado en reguetón y música electrónica. Se hizo popular en las discotecas de Lima desde 2008. Su éxito como productor llegó con la canción «Soy soltera y hago lo que quiero», en colaboración con Tilsa Lozano.",https://www.wikiwand.com/es/articles/DJ_Peligro,https://scontent-lim1-1.xx.fbcdn.net/v/t1.6435-9/163869328_303852417771191_7888995400857728640_n.jpg?_nc_cat=100&ccb=1-7&_nc_sid=6ee11a&_nc_ohc=PDKjlUP83fMQ7kNvwGdXMDk&_nc_oc=AdnY3Mz41YlKMOKsjRMtWpqOcivvcEEMRFOdE97ZLBwmWp2edYwI7t3Q_5RxGLnyUASuv8iZH3vj6WR3RMX7Emxc&_nc_zt=23&_nc_ht=scontent-lim1-1.xx&_nc_gid=gksoqdwcsRu_qZSchE6LcA&oh=00_AfM1yO7tfyOez7yS2obmPJ_zIULaKOSiHYFqxKophYy1Tw&oe=687DA3FF,,Electrónica|Cumbia|Urbano,,448k,Candy Perreo,56.4M,https://open.spotify.com/intl-es/track/2UxUyhlnc3yHLTRAt2Xa8I?si=00ca28d1a1834a0a,
A.C.O,"Arturo Salazar Salinas, mejor conocido como A.C.O, es un rapero, compositor y beatmaker procedente de Perú, quien se caracteriza por tener en su música una fusión multifacética de géneros musicales.Se dio a conocer con su sencillo ""Mirador de estrellas"" del 2017, que cuenta aproximadamente con 10.000.000 de reproducciones. Expresando los sentimientos sin ningún límite, considerando que hay música para todo, tanto como para ir de fiesta, de lo que se vive en las calles, hasta para la reflexión.",https://rap.fandom.com/es/wiki/A.C.O,https://yoconciertos.com/wp-content/uploads/2022/02/ACO.Mexico.jpg,,Urbano|Electrónica|Hip hop,,456k,Mirador de estrellas,14.3M,https://open.spotify.com/intl-es/track/4x2764vhtFTWjr5ACvXJzD?si=04c405d43cc3436c,
Gonzalo Genek,"Gonzalo Alonso Urresti Araujo, mejor conocido como Gonzalo Genek, antes llamado Cuatro Puntos Beatz, es un mc, rapero, compositor, diseñador gráfico, productor musical y beatmaker, siendo un pionero y referente importante dentro de la camada de raperos y beatmakers procedentes de Perú.Se dio a conocer con su éxito ""No Puedo"", primer tema de su primer disco en solitario ""Licor Amor & Jazz"" que cuenta con 5.400.00 de reproducciones.",https://rap.fandom.com/es/wiki/Gonzalo_Genek,https://elcomercio.pe/resizer/Qa3twbnAs6-9nZbMexWJ7gLDT2Y=/1200x670/smart/filters:format(jpeg):quality(75)/arc-anglerfish-arc2-prod-elcomercio.s3.amazonaws.com/public/2S5UZNBU55AHBD6NZXSZWKLU4U.jpg,,Electrónica|Urbano,,1.2M,La Primera Vez,36.2M,https://open.spotify.com/intl-es/track/1fYklg2kEJ9Uxnr2fxtX78?si=4591e95359ba4cab,
Blaximental,"Jahir Mendoza Chacón, más conocido como Blaximental, es un cantante, rapero y freestyler procedente de Perú, siendo reconocido como los mejores raperos de la escena underground del Cono Norte de Lima Metropolitana.Destacando actualmente por tener sus destacables one shot llamados One Sesh con otros artistas de Perú para tirar una improvisación musical.",https://rap.fandom.com/es/wiki/Blaximental,"https://img.redbull.com/images/c_crop,x_0,y_0,h_1318,w_1977/c_fill,w_1350,h_900/q_auto,f_jpg/redbullcom/2021/9/9/jozp4iagt5bj4sykz7ps/blaximental",,Urbano|Electrónica|Hip hop,,14k,One Sesh #5 (Temporada 1),573k,https://open.spotify.com/intl-es/track/0dvt7GQhf9GyVYtbb67xwu?si=b0fde627877440ca,
"Kalé ""La evolución""","Comenzó su carrera a fines de los 90 como parte del grupo 3MC Boom, pioneros del reguetón peruano. Se lanzó como solista con éxitos como Casa sola y Dígame usted, señorita, y firmó con Sony Music en 2016. Ha colaborado con artistas como Trébol Clan, Don Chezina y Jowell, y se ha presentado en escenarios internacionales. En 2022 regresó con Bailoteo y el álbum Operación Perreo, consolidándose como uno de los mayores referentes del reguetón en el Perú.",https://es.wikipedia.org/wiki/Kalé,https://upload.wikimedia.org/wikipedia/commons/5/56/Kal%C3%A9_in_All_Music_Fest_2015.png,,Electrónica|Pop,,140k,Casa sola,11.9M,https://open.spotify.com/intl-es/track/1CIe6KDFmCLkwRinX8GAx3?si=e61df34c6a3f4ea5,
JP El Chamaco,"Empezó cantando salsa y en 2019 se lanzó como solista en el género reparto. Su primer álbum La Veneka marcó su debut. Ganó popularidad con Modo avión en 2022 y se volvió viral en 2023 con Toma que toma junto a Trebol Clan. Ese año fue telonero en los Premios Heat. En 2024 lanzó Mi felicidad, consolidando su carrera urbana.",https://www.buenamusica.com/jp-el-chamaco/biografia,https://camp.ucss.edu.pe/wp-content/uploads/2023/11/JP-EL-CHAMACO.jpg,,Urbano|Andino|Electrónica,,112k,Toma Que Toma,9.1M,https://open.spotify.com/intl-es/track/1kCmq61nfjoMBBaqTjMCJo?si=bf4ee16ff5f44e08,
Surandino,"Surandino nació el 9 de setiembre del 2008 como un proyecto con identidad propia, a través de la fusión de instrumentos andinos como la zampoña, quena, entre otros, recreando melodías de pegajosas sayas, huaynos, tinkus, morenadas, huaylash, y también cumbias de ayer y hoy. Conforman la agrupación: Raúl Cano (director y voz), César Ames (vientos y voz), Christian Infante (vientos), Fernando Cano (percusión), Víctor Valencia (cuerdas), Wilmer Lázaro (bajo y voz) y Carlos Cristóbal (guitarra).",https://musicaandinaperuana.blogspot.com/2009/02/grupo-surandino.html,https://hytimes.pe/wp-content/uploads/2023/12/Surandino-celebrara-su-aniversario-con-concierto-gratuito.jpg.webp,,Andino|Electrónica,,56k,Caminando Voy/Escondiendo mis Piernas,1.3M,https://open.spotify.com/intl-es/track/1BYBtjyRvDUH2vp6TJhPRM?si=773d4670e0984bac,